date,tournament,season,road_team,road_runs,home_team,home_runs,round,tier,neutral
2000-09-17,Olympics,2000,AUS,4,NED,6,,1.0,True
2000-09-17,Olympics,2000,CUB,16,RSA,0,,1.0,True
2000-09-17,Olympics,2000,ITA,2,KOR,10,,1.0,True
2000-09-17,Olympics,2000,USA,4,JPN,2,,1.0,True
2000-09-18,Olympics,2000,CUB,13,ITA,5,,1.0,True
2000-09-18,Olympics,2000,JPN,10,NED,2,,1.0,True
2000-09-18,Olympics,2000,KOR,3,AUS,5,,1.0,True
2000-09-18,Olympics,2000,USA,11,RSA,1,,1.0,True
2000-09-19,Olympics,2000,AUS,3,JPN,7,,1.0,True
2000-09-19,Olympics,2000,KOR,5,CUB,6,,1.0,True
2000-09-19,Olympics,2000,NED,2,USA,6,,1.0,True
2000-09-19,Olympics,2000,RSA,0,ITA,13,,1.0,True
2000-09-20,Olympics,2000,ITA,1,JPN,6,,1.0,True
2000-09-20,Olympics,2000,NED,4,CUB,2,,1.0,True
2000-09-20,Olympics,2000,RSA,4,AUS,10,,1.0,True
2000-09-20,Olympics,2000,USA,4,KOR,0,,1.0,True
2000-09-22,Olympics,2000,CUB,1,AUS,0,,1.0,True
2000-09-22,Olympics,2000,KOR,2,NED,0,,1.0,True
2000-09-22,Olympics,2000,RSA,0,JPN,8,,1.0,True
2000-09-22,Olympics,2000,USA,4,ITA,2,,1.0,True
2000-09-23,Olympics,2000,AUS,7,ITA,8,,1.0,True
2000-09-23,Olympics,2000,CUB,6,USA,1,,1.0,True
2000-09-23,Olympics,2000,JPN,6,KOR,7,,1.0,True
2000-09-23,Olympics,2000,NED,2,RSA,3,,1.0,True
2000-09-24,Olympics,2000,AUS,1,USA,12,,1.0,True
2000-09-24,Olympics,2000,ITA,2,NED,3,,1.0,True
2000-09-24,Olympics,2000,JPN,2,CUB,6,,1.0,True
2000-09-24,Olympics,2000,KOR,13,RSA,3,,1.0,True
2000-09-26,Olympics,2000,CUB,3,JPN,0,,1.0,True
2000-09-26,Olympics,2000,USA,3,KOR,2,,1.0,True
2000-09-27,Olympics,2000,CUB,0,USA,4,,1.0,True
2000-09-27,Olympics,2000,KOR,3,JPN,1,,1.0,True
2001-11-06,Baseball World Cup,2001,ITA,1,TPE,6,,0.7,True
2001-11-07,Baseball World Cup,2001,NCA,5,FRA,1,,0.7,True
2001-11-07,Baseball World Cup,2001,RSA,0,KOR,2,,0.7,True
2001-11-07,Baseball World Cup,2001,USA,4,DOM,6,,0.7,True
2001-11-08,Baseball World Cup,2001,FRA,0,TPE,10,,0.7,True
2001-11-08,Baseball World Cup,2001,KOR,10,ITA,0,,0.7,True
2001-11-08,Baseball World Cup,2001,NCA,4,DOM,8,,0.7,True
2001-11-08,Baseball World Cup,2001,RSA,0,USA,5,,0.7,True
2001-11-09,Baseball World Cup,2001,DOM,3,FRA,1,,0.7,True
2001-11-09,Baseball World Cup,2001,ITA,11,RSA,2,,0.7,True
2001-11-09,Baseball World Cup,2001,TPE,4,NCA,2,,0.7,True
2001-11-09,Baseball World Cup,2001,USA,11,KOR,0,,0.7,True
2001-11-10,Baseball World Cup,2001,FRA,1,KOR,14,,0.7,True
2001-11-10,Baseball World Cup,2001,ITA,3,DOM,5,,0.7,True
2001-11-10,Baseball World Cup,2001,NCA,3,USA,1,,0.7,True
2001-11-10,Baseball World Cup,2001,TPE,8,RSA,2,,0.7,True
2001-11-11,Baseball World Cup,2001,DOM,0,KOR,4,,0.7,True
2001-11-11,Baseball World Cup,2001,FRA,1,ITA,5,,0.7,True
2001-11-11,Baseball World Cup,2001,RSA,0,NCA,13,,0.7,True
2001-11-11,Baseball World Cup,2001,TPE,0,USA,6,,0.7,True
2001-11-13,Baseball World Cup,2001,DOM,1,TPE,5,,0.7,True
2001-11-13,Baseball World Cup,2001,FRA,3,RSA,4,,0.7,True
2001-11-13,Baseball World Cup,2001,ITA,0,USA,8,,0.7,True
2001-11-13,Baseball World Cup,2001,KOR,12,NCA,1,,0.7,True
2001-11-14,Baseball World Cup,2001,KOR,1,TPE,5,,0.7,True
2001-11-14,Baseball World Cup,2001,NCA,5,ITA,2,,0.7,True
2001-11-14,Baseball World Cup,2001,RSA,5,DOM,15,,0.7,True
2001-11-14,Baseball World Cup,2001,USA,17,FRA,0,,0.7,True
2003-10-12,Baseball World Cup,2003,JPN,12,NED,2,,0.7,True
2003-10-12,Baseball World Cup,2003,MEX,0,USA,4,,0.7,True
2003-10-12,Baseball World Cup,2003,TPE,3,CUB,6,,0.7,True
2003-10-13,Baseball World Cup,2003,BRA,6,PAN,11,,0.7,True
2003-10-13,Baseball World Cup,2003,CAN,4,NCA,2,,0.7,True
2003-10-13,Baseball World Cup,2003,CHN,6,FRA,5,,0.7,True
2003-10-13,Baseball World Cup,2003,RUS,1,ITA,9,,0.7,True
2003-10-14,Baseball World Cup,2003,CAN,10,RUS,0,,0.7,True
2003-10-14,Baseball World Cup,2003,FRA,0,JPN,18,,0.7,True
2003-10-14,Baseball World Cup,2003,KOR,0,CUB,4,,0.7,True
2003-10-14,Baseball World Cup,2003,NCA,5,TPE,2,,0.7,True
2003-10-14,Baseball World Cup,2003,NED,12,CHN,5,,0.7,True
2003-10-14,Baseball World Cup,2003,PAN,7,MEX,3,,0.7,True
2003-10-14,Baseball World Cup,2003,USA,7,BRA,1,,0.7,True
2003-10-15,Baseball World Cup,2003,BRA,5,MEX,3,,0.7,True
2003-10-15,Baseball World Cup,2003,CAN,2,TPE,10,,0.7,True
2003-10-15,Baseball World Cup,2003,ITA,5,NCA,6,,0.7,True
2003-10-15,Baseball World Cup,2003,JPN,16,CHN,1,,0.7,True
2003-10-15,Baseball World Cup,2003,NED,12,FRA,0,,0.7,True
2003-10-15,Baseball World Cup,2003,PAN,5,USA,12,,0.7,True
2003-10-15,Baseball World Cup,2003,RUS,3,KOR,26,,0.7,True
2003-10-17,Baseball World Cup,2003,CAN,5,ITA,3,,0.7,True
2003-10-17,Baseball World Cup,2003,JPN,8,BRA,2,,0.7,True
2003-10-17,Baseball World Cup,2003,KOR,2,TPE,8,,0.7,True
2003-10-17,Baseball World Cup,2003,MEX,5,CHN,0,,0.7,True
2003-10-17,Baseball World Cup,2003,NED,2,PAN,4,,0.7,True
2003-10-17,Baseball World Cup,2003,RUS,1,CUB,20,,0.7,True
2003-10-17,Baseball World Cup,2003,USA,14,FRA,2,,0.7,True
2003-10-18,Baseball World Cup,2003,BRA,2,NED,1,,0.7,True
2003-10-18,Baseball World Cup,2003,FRA,0,MEX,15,,0.7,True
2003-10-18,Baseball World Cup,2003,ITA,0,CUB,7,,0.7,True
2003-10-18,Baseball World Cup,2003,JPN,10,PAN,4,,0.7,True
2003-10-18,Baseball World Cup,2003,KOR,17,CAN,5,,0.7,True
2003-10-18,Baseball World Cup,2003,NCA,14,RUS,3,,0.7,True
2003-10-18,Baseball World Cup,2003,USA,4,CHN,1,,0.7,True
2003-10-19,Baseball World Cup,2003,CHN,1,PAN,17,,0.7,True
2003-10-19,Baseball World Cup,2003,CUB,8,CAN,0,,0.7,True
2003-10-19,Baseball World Cup,2003,FRA,4,BRA,7,,0.7,True
2003-10-19,Baseball World Cup,2003,ITA,4,TPE,5,,0.7,True
2003-10-19,Baseball World Cup,2003,MEX,3,NED,6,,0.7,True
2003-10-19,Baseball World Cup,2003,NCA,3,KOR,2,,0.7,True
2003-10-19,Baseball World Cup,2003,USA,1,JPN,2,,0.7,True
2003-10-20,Baseball World Cup,2003,CHN,0,BRA,4,,0.7,True
2003-10-20,Baseball World Cup,2003,CUB,7,NCA,1,,0.7,True
2003-10-20,Baseball World Cup,2003,ITA,2,KOR,4,,0.7,True
2003-10-20,Baseball World Cup,2003,MEX,6,JPN,8,,0.7,True
2003-10-20,Baseball World Cup,2003,PAN,19,FRA,2,,0.7,True
2003-10-20,Baseball World Cup,2003,TPE,1,RUS,4,,0.7,True
2003-10-22,Baseball World Cup,2003,CUB,4,BRA,3,,0.7,True
2003-10-22,Baseball World Cup,2003,JPN,2,KOR,0,,0.7,True
2003-10-22,Baseball World Cup,2003,NCA,0,PAN,5,,0.7,True
2003-10-22,Baseball World Cup,2003,USA,1,TPE,2,,0.7,True
2003-10-23,Baseball World Cup,2003,NCA,5,KOR,3,,0.7,True
2003-10-23,Baseball World Cup,2003,PAN,4,JPN,1,,0.7,True
2003-10-23,Baseball World Cup,2003,TPE,3,CUB,6,,0.7,True
2003-10-23,Baseball World Cup,2003,USA,13,BRA,4,,0.7,True
2003-10-24,Baseball World Cup,2003,KOR,3,BRA,8,,0.7,True
2003-10-24,Baseball World Cup,2003,USA,13,NCA,2,,0.7,True
2003-10-25,Baseball World Cup,2003,CUB,4,PAN,2,,0.7,True
2003-10-25,Baseball World Cup,2003,TPE,3,JPN,7,,0.7,True
2004-08-15,Olympics,2004,AUS,1,CUB,4,,1.0,True
2004-08-15,Olympics,2004,JPN,12,ITA,0,,1.0,True
2004-08-15,Olympics,2004,NED,11,GRE,0,,1.0,True
2004-08-15,Olympics,2004,TPE,0,CAN,7,,1.0,True
2004-08-16,Olympics,2004,GRE,4,CUB,5,,1.0,True
2004-08-16,Olympics,2004,ITA,3,CAN,9,,1.0,True
2004-08-16,Olympics,2004,NED,3,JPN,8,,1.0,True
2004-08-16,Olympics,2004,TPE,3,AUS,0,,1.0,True
2004-08-17,Olympics,2004,AUS,6,ITA,0,,1.0,True
2004-08-17,Olympics,2004,CAN,7,NED,0,,1.0,True
2004-08-17,Olympics,2004,GRE,1,TPE,7,,1.0,True
2004-08-17,Olympics,2004,JPN,6,CUB,3,,1.0,True
2004-08-18,Olympics,2004,AUS,9,JPN,4,,1.0,True
2004-08-18,Olympics,2004,CAN,2,GRE,0,,1.0,True
2004-08-18,Olympics,2004,CUB,10,TPE,2,,1.0,True
2004-08-18,Olympics,2004,ITA,4,NED,10,,1.0,True
2004-08-20,Olympics,2004,CAN,1,JPN,9,,1.0,True
2004-08-20,Olympics,2004,GRE,6,AUS,11,,1.0,True
2004-08-20,Olympics,2004,ITA,5,TPE,4,,1.0,True
2004-08-20,Olympics,2004,NED,2,CUB,9,,1.0,True
2004-08-21,Olympics,2004,AUS,22,NED,2,,1.0,True
2004-08-21,Olympics,2004,CUB,5,CAN,2,,1.0,True
2004-08-21,Olympics,2004,GRE,12,ITA,7,,1.0,True
2004-08-21,Olympics,2004,TPE,3,JPN,4,,1.0,True
2004-08-22,Olympics,2004,CAN,11,AUS,0,,1.0,True
2004-08-22,Olympics,2004,CUB,5,ITA,0,,1.0,True
2004-08-22,Olympics,2004,JPN,6,GRE,1,,1.0,True
2004-08-22,Olympics,2004,TPE,5,NED,1,,1.0,True
2004-08-24,Olympics,2004,AUS,1,JPN,0,semifinal,1.0,True
2004-08-24,Olympics,2004,CAN,5,CUB,8,semifinal,1.0,True
2004-08-25,Olympics,2004,CUB,6,AUS,2,final,1.0,True
2004-08-25,Olympics,2004,JPN,11,CAN,2,bronze,1.0,True
2005-09-02,Baseball World Cup,2005,NED,13,CHN,3,,0.7,True
2005-09-03,Baseball World Cup,2005,AUS,4,PUR,2,,0.7,True
2005-09-03,Baseball World Cup,2005,CHN,6,BRA,5,,0.7,True
2005-09-03,Baseball World Cup,2005,ESP,2,JPN,9,,0.7,True
2005-09-03,Baseball World Cup,2005,KOR,3,PAN,5,,0.7,True
2005-09-03,Baseball World Cup,2005,RSA,2,CUB,12,,0.7,True
2005-09-03,Baseball World Cup,2005,SWE,0,NED,18,,0.7,True
2005-09-03,Baseball World Cup,2005,TPE,10,CZE,1,,0.7,True
2005-09-04,Baseball World Cup,2005,BRA,2,RSA,1,,0.7,True
2005-09-04,Baseball World Cup,2005,CAN,10,SWE,0,,0.7,True
2005-09-04,Baseball World Cup,2005,CZE,5,ESP,15,,0.7,True
2005-09-04,Baseball World Cup,2005,NED,6,KOR,2,,0.7,True
2005-09-04,Baseball World Cup,2005,NIC,2,AUS,0,,0.7,True
2005-09-04,Baseball World Cup,2005,PAN,2,CUB,6,,0.7,True
2005-09-04,Baseball World Cup,2005,PUR,5,JPN,4,,0.7,True
2005-09-04,Baseball World Cup,2005,USA,12,COL,1,,0.7,True
2005-09-05,Baseball World Cup,2005,AUS,4,USA,6,,0.7,True
2005-09-05,Baseball World Cup,2005,COL,0,PUR,10,,0.7,True
2005-09-05,Baseball World Cup,2005,CUB,11,BRA,1,,0.7,True
2005-09-05,Baseball World Cup,2005,ESP,2,TPE,12,,0.7,True
2005-09-05,Baseball World Cup,2005,JPN,19,CZE,0,,0.7,True
2005-09-05,Baseball World Cup,2005,KOR,7,CAN,6,,0.7,True
2005-09-05,Baseball World Cup,2005,RSA,1,CHN,11,,0.7,True
2005-09-05,Baseball World Cup,2005,SWE,1,PAN,11,,0.7,True
2005-09-06,Baseball World Cup,2005,CAN,12,RSA,1,,0.7,True
2005-09-06,Baseball World Cup,2005,CHN,4,PAN,5,,0.7,True
2005-09-06,Baseball World Cup,2005,CUB,15,SWE,0,,0.7,True
2005-09-06,Baseball World Cup,2005,JPN,12,COL,0,,0.7,True
2005-09-06,Baseball World Cup,2005,NED,7,BRA,0,,0.7,True
2005-09-06,Baseball World Cup,2005,NIC,1,CZE,0,,0.7,True
2005-09-06,Baseball World Cup,2005,TPE,4,PUR,6,,0.7,True
2005-09-06,Baseball World Cup,2005,USA,11,ESP,1,,0.7,True
2005-09-07,Baseball World Cup,2005,BRA,0,KOR,4,,0.7,True
2005-09-07,Baseball World Cup,2005,CHN,8,CUB,12,,0.7,True
2005-09-07,Baseball World Cup,2005,CZE,0,AUS,14,,0.7,True
2005-09-07,Baseball World Cup,2005,ESP,2,NIC,5,,0.7,True
2005-09-07,Baseball World Cup,2005,PAN,13,CAN,6,,0.7,True
2005-09-07,Baseball World Cup,2005,PUR,6,USA,12,,0.7,True
2005-09-07,Baseball World Cup,2005,RSA,2,NED,20,,0.7,True
2005-09-07,Baseball World Cup,2005,TPE,1,JPN,7,,0.7,True
2005-09-08,Baseball World Cup,2005,COL,2,NIC,12,,0.7,True
2005-09-09,Baseball World Cup,2005,CAN,3,NED,7,,0.7,True
2005-09-09,Baseball World Cup,2005,COL,3,TPE,2,,0.7,True
2005-09-09,Baseball World Cup,2005,CUB,4,KOR,1,,0.7,True
2005-09-09,Baseball World Cup,2005,JPN,4,AUS,2,,0.7,True
2005-09-09,Baseball World Cup,2005,PAN,8,BRA,5,,0.7,True
2005-09-09,Baseball World Cup,2005,PUR,11,CZE,1,,0.7,True
2005-09-09,Baseball World Cup,2005,SWE,5,CHN,7,,0.7,True
2005-09-09,Baseball World Cup,2005,USA,2,NIC,14,,0.7,True
2005-09-10,Baseball World Cup,2005,AUS,4,TPE,11,,0.7,True
2005-09-10,Baseball World Cup,2005,CAN,0,CUB,7,,0.7,True
2005-09-10,Baseball World Cup,2005,ESP,6,COL,4,,0.7,True
2005-09-10,Baseball World Cup,2005,KOR,3,CHN,1,,0.7,True
2005-09-10,Baseball World Cup,2005,NED,9,PAN,5,,0.7,True
2005-09-10,Baseball World Cup,2005,NIC,5,PUR,6,,0.7,True
2005-09-10,Baseball World Cup,2005,RSA,4,SWE,10,,0.7,True
2005-09-10,Baseball World Cup,2005,USA,6,JPN,7,,0.7,True
2005-09-11,Baseball World Cup,2005,AUS,8,ESP,0,,0.7,True
2005-09-11,Baseball World Cup,2005,BRA,11,SWE,4,,0.7,True
2005-09-11,Baseball World Cup,2005,CHN,2,CAN,14,,0.7,True
2005-09-11,Baseball World Cup,2005,CUB,3,NED,1,,0.7,True
2005-09-11,Baseball World Cup,2005,CZE,3,COL,14,,0.7,True
2005-09-11,Baseball World Cup,2005,JPN,11,NIC,3,,0.7,True
2005-09-11,Baseball World Cup,2005,KOR,4,RSA,3,,0.7,True
2005-09-12,Baseball World Cup,2005,BRA,4,CAN,12,,0.7,True
2005-09-12,Baseball World Cup,2005,COL,1,AUS,5,,0.7,True
2005-09-12,Baseball World Cup,2005,CZE,3,USA,7,,0.7,True
2005-09-12,Baseball World Cup,2005,NIC,11,TPE,4,,0.7,True
2005-09-12,Baseball World Cup,2005,PAN,5,RSA,1,,0.7,True
2005-09-12,Baseball World Cup,2005,PUR,7,ESP,4,,0.7,True
2005-09-12,Baseball World Cup,2005,SWE,2,KOR,12,,0.7,True
2005-09-13,Baseball World Cup,2005,TPE,4,USA,5,,0.7,True
2005-09-14,Baseball World Cup,2005,CUB,11,USA,3,,0.7,True
2005-09-14,Baseball World Cup,2005,JPN,1,KOR,5,,0.7,True
2005-09-14,Baseball World Cup,2005,NED,10,PUR,0,,0.7,True
2005-09-14,Baseball World Cup,2005,NIC,1,PAN,2,,0.7,True
2005-09-16,Baseball World Cup,2005,JPN,5,PUR,0,,0.7,True
2005-09-16,Baseball World Cup,2005,KOR,7,NED,0,,0.7,True
2005-09-16,Baseball World Cup,2005,PAN,2,CUB,15,,0.7,True
2005-09-16,Baseball World Cup,2005,USA,0,NIC,9,,0.7,True
2005-09-17,Baseball World Cup,2005,KOR,0,CUB,3,,0.7,True
2005-09-17,Baseball World Cup,2005,NIC,1,JPN,8,,0.7,True
2005-09-17,Baseball World Cup,2005,PAN,7,NED,6,,0.7,True
2005-09-17,Baseball World Cup,2005,USA,11,PUR,3,,0.7,True
2006-03-03,World Baseball Classic,2006,JPN,18,CHN,2,,1.0,True
2006-03-03,World Baseball Classic,2006,KOR,2,TPE,0,,1.0,True
2006-03-04,World Baseball Classic,2006,CHN,1,KOR,10,,1.0,True
2006-03-04,World Baseball Classic,2006,JPN,14,TPE,3,,1.0,True
2006-03-05,World Baseball Classic,2006,KOR,3,JPN,2,,1.0,True
2006-03-05,World Baseball Classic,2006,TPE,12,CHN,3,,1.0,True
2006-03-07,World Baseball Classic,2006,AUS,0,ITA,10,,1.0,True
2006-03-07,World Baseball Classic,2006,CAN,11,RSA,8,,1.0,True
2006-03-07,World Baseball Classic,2006,DOM,11,VEN,5,,1.0,True
2006-03-07,World Baseball Classic,2006,MEX,0,USA,2,,1.0,True
2006-03-07,World Baseball Classic,2006,PAN,1,PUR,2,,1.0,True
2006-03-08,World Baseball Classic,2006,CAN,8,USA,6,,1.0,True
2006-03-08,World Baseball Classic,2006,CUB,8,PAN,6,,1.0,True
2006-03-08,World Baseball Classic,2006,ITA,0,VEN,6,,1.0,True
2006-03-08,World Baseball Classic,2006,PUR,8,NED,3,,1.0,True
2006-03-08,World Baseball Classic,2006,RSA,4,MEX,10,,1.0,True
2006-03-09,World Baseball Classic,2006,CUB,11,NED,2,,1.0,True
2006-03-09,World Baseball Classic,2006,ITA,3,DOM,8,,1.0,True
2006-03-09,World Baseball Classic,2006,MEX,9,CAN,1,,1.0,True
2006-03-09,World Baseball Classic,2006,VEN,2,AUS,0,,1.0,True
2006-03-10,World Baseball Classic,2006,AUS,4,DOM,6,,1.0,True
2006-03-10,World Baseball Classic,2006,NED,10,PAN,0,,1.0,True
2006-03-10,World Baseball Classic,2006,PUR,12,CUB,2,,1.0,True
2006-03-10,World Baseball Classic,2006,USA,17,RSA,0,,1.0,True
2006-03-12,World Baseball Classic,2006,CUB,7,VEN,2,,1.0,True
2006-03-12,World Baseball Classic,2006,JPN,3,USA,4,,1.0,True
2006-03-12,World Baseball Classic,2006,MEX,1,KOR,2,,1.0,True
2006-03-12,World Baseball Classic,2006,PUR,7,DOM,1,,1.0,True
2006-03-13,World Baseball Classic,2006,DOM,7,CUB,3,,1.0,True
2006-03-13,World Baseball Classic,2006,USA,3,KOR,7,,1.0,True
2006-03-13,World Baseball Classic,2006,VEN,6,PUR,0,,1.0,True
2006-03-14,World Baseball Classic,2006,JPN,6,MEX,1,,1.0,True
2006-03-14,World Baseball Classic,2006,VEN,1,DOM,2,,1.0,True
2006-03-15,World Baseball Classic,2006,CUB,4,PUR,3,,1.0,True
2006-03-15,World Baseball Classic,2006,KOR,2,JPN,1,,1.0,True
2006-03-16,World Baseball Classic,2006,USA,1,MEX,2,,1.0,True
2006-03-18,World Baseball Classic,2006,CUB,3,DOM,1,semifinal,1.0,True
2006-03-18,World Baseball Classic,2006,JPN,6,KOR,0,semifinal,1.0,True
2006-03-20,World Baseball Classic,2006,JPN,10,CUB,6,final,1.0,True
2008-08-13,Olympics,2008,CAN,10,CHN,0,,1.0,True
2008-08-13,Olympics,2008,JPN,2,CUB,4,,1.0,True
2008-08-13,Olympics,2008,NED,0,TPE,5,,1.0,True
2008-08-13,Olympics,2008,USA,7,KOR,8,,1.0,True
2008-08-14,Olympics,2008,CAN,6,CUB,7,,1.0,True
2008-08-14,Olympics,2008,CHN,0,KOR,0,,1.0,True
2008-08-14,Olympics,2008,JPN,6,TPE,1,,1.0,True
2008-08-14,Olympics,2008,USA,7,NED,0,,1.0,True
2008-08-15,Olympics,2008,CUB,5,USA,4,,1.0,True
2008-08-15,Olympics,2008,KOR,1,CAN,0,,1.0,True
2008-08-15,Olympics,2008,NED,0,JPN,6,,1.0,True
2008-08-15,Olympics,2008,TPE,7,CHN,8,,1.0,True
2008-08-16,Olympics,2008,CAN,4,USA,5,,1.0,True
2008-08-16,Olympics,2008,KOR,5,JPN,3,,1.0,True
2008-08-16,Olympics,2008,NED,6,CHN,4,,1.0,True
2008-08-16,Olympics,2008,TPE,0,CUB,1,,1.0,True
2008-08-17,Olympics,2008,CHN,0,KOR,1,,1.0,True
2008-08-18,Olympics,2008,CHN,1,USA,9,,1.0,True
2008-08-18,Olympics,2008,CUB,14,NED,3,,1.0,True
2008-08-18,Olympics,2008,JPN,1,CAN,0,,1.0,True
2008-08-18,Olympics,2008,KOR,9,TPE,8,,1.0,True
2008-08-19,Olympics,2008,CAN,4,NED,0,,1.0,True
2008-08-19,Olympics,2008,CHN,0,JPN,10,,1.0,True
2008-08-19,Olympics,2008,CUB,4,KOR,7,,1.0,True
2008-08-19,Olympics,2008,TPE,2,USA,4,,1.0,True
2008-08-20,Olympics,2008,CHN,1,CUB,17,,1.0,True
2008-08-20,Olympics,2008,KOR,10,NED,0,,1.0,True
2008-08-20,Olympics,2008,TPE,6,CAN,5,,1.0,True
2008-08-20,Olympics,2008,USA,4,JPN,2,,1.0,True
2008-08-22,Olympics,2008,JPN,2,KOR,6,semifinal,1.0,True
2008-08-22,Olympics,2008,USA,2,CUB,10,semifinal,1.0,True
2008-08-23,Olympics,2008,JPN,4,USA,8,bronze,1.0,True
2008-08-23,Olympics,2008,KOR,3,CUB,2,final,1.0,True
2009-03-05,World Baseball Classic,2009,CHN,0,JPN,4,,1.0,True
2009-03-06,World Baseball Classic,2009,TPE,0,KOR,9,,1.0,True
2009-03-07,World Baseball Classic,2009,CAN,5,USA,6,,1.0,True
2009-03-07,World Baseball Classic,2009,ITA,0,VEN,7,,1.0,True
2009-03-07,World Baseball Classic,2009,JPN,14,KOR,2,,1.0,True
2009-03-07,World Baseball Classic,2009,NED,3,DOM,2,,1.0,True
2009-03-07,World Baseball Classic,2009,PAN,0,PUR,7,,1.0,True
2009-03-07,World Baseball Classic,2009,TPE,1,CHN,4,,1.0,True
2009-03-08,World Baseball Classic,2009,AUS,17,MEX,7,,1.0,True
2009-03-08,World Baseball Classic,2009,CHN,0,KOR,14,,1.0,True
2009-03-08,World Baseball Classic,2009,PAN,0,DOM,9,,1.0,True
2009-03-08,World Baseball Classic,2009,RSA,1,CUB,8,,1.0,True
2009-03-08,World Baseball Classic,2009,USA,15,VEN,6,,1.0,True
2009-03-09,World Baseball Classic,2009,ITA,6,CAN,2,,1.0,True
2009-03-09,World Baseball Classic,2009,KOR,1,JPN,0,,1.0,True
2009-03-09,World Baseball Classic,2009,MEX,14,RSA,3,,1.0,True
2009-03-09,World Baseball Classic,2009,NED,1,PUR,3,,1.0,True
2009-03-10,World Baseball Classic,2009,CUB,5,AUS,4,,1.0,True
2009-03-10,World Baseball Classic,2009,DOM,1,NED,2,,1.0,True
2009-03-10,World Baseball Classic,2009,ITA,1,VEN,10,,1.0,True
2009-03-11,World Baseball Classic,2009,MEX,16,AUS,1,,1.0,True
2009-03-11,World Baseball Classic,2009,NED,0,PUR,5,,1.0,True
2009-03-11,World Baseball Classic,2009,VEN,5,USA,3,,1.0,True
2009-03-12,World Baseball Classic,2009,MEX,4,CUB,16,,1.0,True
2009-03-14,World Baseball Classic,2009,NED,1,VEN,3,,1.0,True
2009-03-14,World Baseball Classic,2009,USA,1,PUR,11,,1.0,True
2009-03-15,World Baseball Classic,2009,JPN,6,CUB,0,,1.0,True
2009-03-15,World Baseball Classic,2009,MEX,2,KOR,8,,1.0,True
2009-03-15,World Baseball Classic,2009,NED,3,USA,9,,1.0,True
2009-03-16,World Baseball Classic,2009,CUB,7,MEX,4,,1.0,True
2009-03-16,World Baseball Classic,2009,VEN,2,PUR,0,,1.0,True
2009-03-17,World Baseball Classic,2009,JPN,1,KOR,4,,1.0,True
2009-03-17,World Baseball Classic,2009,PUR,5,USA,6,,1.0,True
2009-03-18,World Baseball Classic,2009,JPN,5,CUB,0,,1.0,True
2009-03-18,World Baseball Classic,2009,USA,6,VEN,10,,1.0,True
2009-03-19,World Baseball Classic,2009,JPN,6,KOR,2,,1.0,True
2009-03-21,World Baseball Classic,2009,KOR,10,VEN,2,semifinal,1.0,True
2009-03-22,World Baseball Classic,2009,US,4,JPN,9,semifinal,1.0,True
2009-03-23,World Baseball Classic,2009,JPN,5,KOR,3,final,1.0,True
2009-09-09,Baseball World Cup,2009,CZE,4,AUS,17,,0.7,True
2009-09-09,Baseball World Cup,2009,ESP,15,RSA,0,,0.7,True
2009-09-09,Baseball World Cup,2009,GER,14,CHN,1,,0.7,True
2009-09-09,Baseball World Cup,2009,SWE,8,AHO,10,,0.7,True
2009-09-10,Baseball World Cup,2009,CAN,9,KOR,1,,0.7,True
2009-09-10,Baseball World Cup,2009,CRO,1,NIC,10,,0.7,True
2009-09-10,Baseball World Cup,2009,GBR,7,JPN,9,,0.7,True
2009-09-10,Baseball World Cup,2009,PUR,0,CUB,10,,0.7,True
2009-09-10,Baseball World Cup,2009,TPE,0,MEX,8,,0.7,True
2009-09-10,Baseball World Cup,2009,USA,9,VEN,13,,0.7,True
2009-09-11,Baseball World Cup,2009,AHO,0,CAN,15,,0.7,True
2009-09-11,Baseball World Cup,2009,AUS,7,TPE,5,,0.7,True
2009-09-11,Baseball World Cup,2009,CUB,10,RSA,5,,0.7,True
2009-09-11,Baseball World Cup,2009,ESP,3,PUR,5,,0.7,True
2009-09-11,Baseball World Cup,2009,JPN,13,CRO,3,,0.7,True
2009-09-11,Baseball World Cup,2009,KOR,5,SWE,1,,0.7,True
2009-09-11,Baseball World Cup,2009,MEX,9,CZE,0,,0.7,True
2009-09-11,Baseball World Cup,2009,NIC,10,GBR,0,,0.7,True
2009-09-11,Baseball World Cup,2009,USA,9,GER,1,,0.7,True
2009-09-11,Baseball World Cup,2009,VEN,17,CHN,2,,0.7,True
2009-09-12,Baseball World Cup,2009,AUS,9,MEX,10,,0.7,True
2009-09-12,Baseball World Cup,2009,CHN,0,USA,8,,0.7,True
2009-09-12,Baseball World Cup,2009,CRO,1,GBR,4,,0.7,True
2009-09-12,Baseball World Cup,2009,CUB,5,ESP,4,,0.7,True
2009-09-12,Baseball World Cup,2009,CZE,1,TPE,10,,0.7,True
2009-09-12,Baseball World Cup,2009,GER,1,VEN,12,,0.7,True
2009-09-12,Baseball World Cup,2009,JPN,4,NIC,8,,0.7,True
2009-09-12,Baseball World Cup,2009,KOR,5,AHO,9,,0.7,True
2009-09-12,Baseball World Cup,2009,RSA,0,PUR,12,,0.7,True
2009-09-12,Baseball World Cup,2009,SWE,1,CAN,19,,0.7,True
2009-09-13,Baseball World Cup,2009,AUS,19,AHO,6,,0.7,True
2009-09-13,Baseball World Cup,2009,CUB,6,GBR,0,,0.7,True
2009-09-13,Baseball World Cup,2009,ITA,2,TPE,5,,0.7,True
2009-09-13,Baseball World Cup,2009,JPN,9,MEX,3,,0.7,True
2009-09-13,Baseball World Cup,2009,NED,4,KOR,2,,0.7,True
2009-09-13,Baseball World Cup,2009,PUR,12,ESP,2,,0.7,True
2009-09-13,Baseball World Cup,2009,USA,8,CAN,0,,0.7,True
2009-09-13,Baseball World Cup,2009,VEN,7,NIC,4,,0.7,True
2009-09-14,Baseball World Cup,2009,AHO,1,USA,11,,0.7,True
2009-09-14,Baseball World Cup,2009,CAN,3,AUS,5,,0.7,True
2009-09-14,Baseball World Cup,2009,ESP,8,VEN,1,,0.7,True
2009-09-14,Baseball World Cup,2009,KOR,15,GBR,5,,0.7,True
2009-09-14,Baseball World Cup,2009,MEX,6,ITA,3,,0.7,True
2009-09-14,Baseball World Cup,2009,NED,5,PUR,2,,0.7,True
2009-09-14,Baseball World Cup,2009,NIC,1,CUB,4,,0.7,True
2009-09-15,Baseball World Cup,2009,TPE,5,AUS,4,,0.7,True
2009-09-15,Baseball World Cup,2009,USA,4,JPN,2,,0.7,True
2009-09-16,Baseball World Cup,2009,CUB,10,VEN,0,,0.7,True
2009-09-16,Baseball World Cup,2009,ESP,5,NED,10,,0.7,True
2009-09-16,Baseball World Cup,2009,GBR,1,NIC,4,,0.7,True
2009-09-16,Baseball World Cup,2009,PUR,3,KOR,2,,0.7,True
2009-09-17,Baseball World Cup,2009,AUS,5,ITA,4,,0.7,True
2009-09-17,Baseball World Cup,2009,CAN,3,JPN,2,,0.7,True
2009-09-17,Baseball World Cup,2009,ESP,0,CUB,10,,0.7,True
2009-09-17,Baseball World Cup,2009,MEX,9,AHO,8,,0.7,True
2009-09-17,Baseball World Cup,2009,NED,8,VEN,5,,0.7,True
2009-09-17,Baseball World Cup,2009,NIC,2,KOR,7,,0.7,True
2009-09-17,Baseball World Cup,2009,PUR,3,GBR,2,,0.7,True
2009-09-17,Baseball World Cup,2009,TPE,3,USA,14,,0.7,True
2009-09-18,Baseball World Cup,2009,AHO,2,CAN,19,,0.7,True
2009-09-18,Baseball World Cup,2009,CUB,2,PUR,5,,0.7,True
2009-09-18,Baseball World Cup,2009,ESP,5,NIC,9,,0.7,True
2009-09-18,Baseball World Cup,2009,GBR,0,NED,6,,0.7,True
2009-09-18,Baseball World Cup,2009,ITA,6,JPN,4,,0.7,True
2009-09-18,Baseball World Cup,2009,TPE,1,MEX,0,,0.7,True
2009-09-18,Baseball World Cup,2009,VEN,4,KOR,1,,0.7,True
2009-09-19,Baseball World Cup,2009,AHO,3,TPE,12,,0.7,True
2009-09-19,Baseball World Cup,2009,CAN,16,ITA,7,,0.7,True
2009-09-19,Baseball World Cup,2009,GBR,3,ESP,10,,0.7,True
2009-09-19,Baseball World Cup,2009,JPN,0,AUS,5,,0.7,True
2009-09-19,Baseball World Cup,2009,KOR,1,CUB,5,,0.7,True
2009-09-19,Baseball World Cup,2009,MEX,3,USA,7,,0.7,True
2009-09-19,Baseball World Cup,2009,NIC,4,NED,8,,0.7,True
2009-09-19,Baseball World Cup,2009,VEN,3,PUR,5,,0.7,True
2009-09-20,Baseball World Cup,2009,AUS,6,MEX,5,,0.7,True
2009-09-20,Baseball World Cup,2009,CAN,5,TPE,3,,0.7,True
2009-09-20,Baseball World Cup,2009,ITA,3,USA,12,,0.7,True
2009-09-20,Baseball World Cup,2009,JPN,10,AHO,1,,0.7,True
2009-09-20,Baseball World Cup,2009,KOR,2,ESP,1,,0.7,True
2009-09-20,Baseball World Cup,2009,NED,3,CUB,5,,0.7,True
2009-09-20,Baseball World Cup,2009,NIC,0,PUR,16,,0.7,True
2009-09-20,Baseball World Cup,2009,VEN,6,GBR,1,,0.7,True
2009-09-22,Baseball World Cup,2009,CUB,2,AUS,1,,0.7,True
2009-09-22,Baseball World Cup,2009,NED,11,TPE,2,,0.7,True
2009-09-22,Baseball World Cup,2009,PUR,0,CAN,3,,0.7,True
2009-09-22,Baseball World Cup,2009,USA,6,VEN,3,,0.7,True
2009-09-23,Baseball World Cup,2009,AUS,5,NED,2,,0.7,True
2009-09-23,Baseball World Cup,2009,CAN,9,VEN,2,,0.7,True
2009-09-23,Baseball World Cup,2009,PUR,0,USA,3,,0.7,True
2009-09-23,Baseball World Cup,2009,TPE,0,CUB,8,,0.7,True
2009-09-24,Baseball World Cup,2009,CAN,11,NED,5,,0.7,True
2009-09-24,Baseball World Cup,2009,TPE,2,PUR,8,,0.7,True
2009-09-24,Baseball World Cup,2009,USA,5,CUB,3,,0.7,True
2009-09-24,Baseball World Cup,2009,VEN,9,AUS,4,,0.7,True
2009-09-25,Baseball World Cup,2009,AUS,2,PUR,4,,0.7,True
2009-09-25,Baseball World Cup,2009,CUB,5,CAN,1,,0.7,True
2009-09-25,Baseball World Cup,2009,NED,2,USA,8,,0.7,True
2009-09-25,Baseball World Cup,2009,VEN,6,TPE,4,,0.7,True
2009-09-26,Baseball World Cup,2009,NED,1,AUS,4,,0.7,True
2009-09-26,Baseball World Cup,2009,PUR,2,CAN,6,,0.7,True
2009-09-26,Baseball World Cup,2009,VEN,6,TPE,3,,0.7,True
2009-09-27,Baseball World Cup,2009,CUB,5,USA,10,,0.7,True
2011-10-01,Baseball World Cup,2011,PAN,8,GRE,3,,0.7,True
2011-10-02,Baseball World Cup,2011,AUS,0,CUB,14,,0.7,True
2011-10-02,Baseball World Cup,2011,DOM,7,ITA,0,,0.7,True
2011-10-02,Baseball World Cup,2011,GER,4,NIC,5,,0.7,True
2011-10-02,Baseball World Cup,2011,NED,2,TPE,1,,0.7,True
2011-10-02,Baseball World Cup,2011,PUR,1,CAN,9,,0.7,True
2011-10-02,Baseball World Cup,2011,VEN,5,KOR,4,,0.7,True
2011-10-03,Baseball World Cup,2011,CAN,3,JPN,1,,0.7,True
2011-10-03,Baseball World Cup,2011,CUB,3,DOM,0,,0.7,True
2011-10-03,Baseball World Cup,2011,ITA,7,AUS,0,,0.7,True
2011-10-03,Baseball World Cup,2011,KOR,6,GER,5,,0.7,True
2011-10-03,Baseball World Cup,2011,NED,19,GRE,0,,0.7,True
2011-10-03,Baseball World Cup,2011,NIC,2,VEN,5,,0.7,True
2011-10-03,Baseball World Cup,2011,TPE,8,PAN,14,,0.7,True
2011-10-03,Baseball World Cup,2011,USA,4,PUR,8,,0.7,True
2011-10-04,Baseball World Cup,2011,CUB,14,VEN,2,,0.7,True
2011-10-04,Baseball World Cup,2011,GER,2,DOM,13,,0.7,True
2011-10-04,Baseball World Cup,2011,GRE,2,CAN,12,,0.7,True
2011-10-04,Baseball World Cup,2011,ITA,6,NIC,3,,0.7,True
2011-10-04,Baseball World Cup,2011,JPN,2,NED,5,,0.7,True
2011-10-04,Baseball World Cup,2011,KOR,8,AUS,0,,0.7,True
2011-10-04,Baseball World Cup,2011,PAN,4,PUR,2,,0.7,True
2011-10-04,Baseball World Cup,2011,TPE,1,USA,15,,0.7,True
2011-10-05,Baseball World Cup,2011,JPN,3,USA,7,,0.7,True
2011-10-06,Baseball World Cup,2011,CAN,4,TPE,0,,0.7,True
2011-10-06,Baseball World Cup,2011,CUB,4,KOR,1,,0.7,True
2011-10-06,Baseball World Cup,2011,ITA,7,GER,2,,0.7,True
2011-10-06,Baseball World Cup,2011,JPN,2,PAN,6,,0.7,True
2011-10-06,Baseball World Cup,2011,NED,5,PUR,0,,0.7,True
2011-10-06,Baseball World Cup,2011,NIC,3,AUS,4,,0.7,True
2011-10-06,Baseball World Cup,2011,USA,3,GRE,0,,0.7,True
2011-10-06,Baseball World Cup,2011,VEN,6,DOM,3,,0.7,True
2011-10-07,Baseball World Cup,2011,CAN,3,PAN,12,,0.7,True
2011-10-07,Baseball World Cup,2011,DOM,9,AUS,11,,0.7,True
2011-10-07,Baseball World Cup,2011,GER,5,VEN,10,,0.7,True
2011-10-07,Baseball World Cup,2011,ITA,1,CUB,5,,0.7,True
2011-10-07,Baseball World Cup,2011,JPN,3,TPE,1,,0.7,True
2011-10-07,Baseball World Cup,2011,KOR,6,NIC,4,,0.7,True
2011-10-07,Baseball World Cup,2011,PUR,10,GRE,1,,0.7,True
2011-10-07,Baseball World Cup,2011,USA,5,NED,7,,0.7,True
2011-10-08,Baseball World Cup,2011,AUS,15,VEN,0,,0.7,True
2011-10-08,Baseball World Cup,2011,CUB,8,GER,2,,0.7,True
2011-10-08,Baseball World Cup,2011,DOM,16,NIC,1,,0.7,True
2011-10-08,Baseball World Cup,2011,KOR,4,ITA,0,,0.7,True
2011-10-08,Baseball World Cup,2011,NED,4,CAN,5,,0.7,True
2011-10-08,Baseball World Cup,2011,PUR,6,JPN,0,,0.7,True
2011-10-09,Baseball World Cup,2011,AUS,9,GER,6,,0.7,True
2011-10-09,Baseball World Cup,2011,DOM,4,KOR,5,,0.7,True
2011-10-09,Baseball World Cup,2011,GRE,4,JPN,9,,0.7,True
2011-10-09,Baseball World Cup,2011,NIC,0,CUB,6,,0.7,True
2011-10-09,Baseball World Cup,2011,PAN,3,NED,7,,0.7,True
2011-10-09,Baseball World Cup,2011,TPE,3,PUR,1,,0.7,True
2011-10-09,Baseball World Cup,2011,USA,1,CAN,6,,0.7,True
2011-10-09,Baseball World Cup,2011,VEN,7,ITA,6,,0.7,True
2011-10-10,Baseball World Cup,2011,GRE,0,TPE,15,,0.7,True
2011-10-10,Baseball World Cup,2011,PAN,0,USA,5,,0.7,True
2011-10-11,Baseball World Cup,2011,CAN,0,AUS,7,,0.7,True
2011-10-11,Baseball World Cup,2011,CUB,8,USA,7,,0.7,True
2011-10-11,Baseball World Cup,2011,NED,5,KOR,1,,0.7,True
2011-10-11,Baseball World Cup,2011,VEN,4,PAN,11,,0.7,True
2011-10-12,Baseball World Cup,2011,NED,1,AUS,1,,0.7,True
2011-10-15,Baseball World Cup,2011,AUS,3,KOR,2,,0.7,True
2011-10-15,Baseball World Cup,2011,NED,2,CUB,1,,0.7,True
2011-10-15,Baseball World Cup,2011,PAN,3,VEN,8,,0.7,True
2013-03-02,World Baseball Classic,2013,AUS,1,TPE,4,,1.0,True
2013-03-02,World Baseball Classic,2013,JPN,5,BRA,3,,1.0,True
2013-03-02,World Baseball Classic,2013,KOR,0,NED,5,,1.0,True
2013-03-03,World Baseball Classic,2013,CHN,2,JPN,5,,1.0,True
2013-03-03,World Baseball Classic,2013,CUB,5,BRA,2,,1.0,True
2013-03-03,World Baseball Classic,2013,NED,3,TPE,8,,1.0,True
2013-03-04,World Baseball Classic,2013,CHN,0,CUB,12,,1.0,True
2013-03-04,World Baseball Classic,2013,KOR,6,AUS,0,,1.0,True
2013-03-05,World Baseball Classic,2013,AUS,1,NED,4,,1.0,True
2013-03-05,World Baseball Classic,2013,BRA,2,CHN,5,,1.0,True
2013-03-05,World Baseball Classic,2013,TPE,2,KOR,3,,1.0,True
2013-03-06,World Baseball Classic,2013,JPN,3,CUB,6,,1.0,True
2013-03-07,World Baseball Classic,2013,ITA,6,MEX,5,,1.0,True
2013-03-07,World Baseball Classic,2013,VEN,3,DOM,9,,1.0,True
2013-03-08,World Baseball Classic,2013,CAN,4,ITA,14,,1.0,True
2013-03-08,World Baseball Classic,2013,ESP,0,PUR,3,,1.0,True
2013-03-08,World Baseball Classic,2013,JPN,4,TPE,3,,1.0,True
2013-03-08,World Baseball Classic,2013,MEX,5,USA,2,,1.0,True
2013-03-08,World Baseball Classic,2013,NED,6,CUB,2,,1.0,True
2013-03-09,World Baseball Classic,2013,CAN,10,MEX,3,,1.0,True
2013-03-09,World Baseball Classic,2013,DOM,6,ESP,3,,1.0,True
2013-03-09,World Baseball Classic,2013,PUR,6,VEN,3,,1.0,True
2013-03-09,World Baseball Classic,2013,TPE,0,CUB,14,,1.0,True
2013-03-09,World Baseball Classic,2013,USA,6,ITA,2,,1.0,True
2013-03-10,World Baseball Classic,2013,DOM,4,PUR,2,,1.0,True
2013-03-10,World Baseball Classic,2013,ESP,6,VEN,11,,1.0,True
2013-03-10,World Baseball Classic,2013,JPN,16,NED,4,,1.0,True
2013-03-10,World Baseball Classic,2013,USA,9,CAN,4,,1.0,True
2013-03-11,World Baseball Classic,2013,CUB,6,NED,7,,1.0,True
2013-03-12,World Baseball Classic,2013,ITA,4,DOM,5,,1.0,True
2013-03-12,World Baseball Classic,2013,NED,6,JPN,10,,1.0,True
2013-03-12,World Baseball Classic,2013,PUR,1,USA,7,,1.0,True
2013-03-13,World Baseball Classic,2013,ITA,3,PUR,4,,1.0,True
2013-03-14,World Baseball Classic,2013,DOM,3,USA,1,,1.0,True
2013-03-15,World Baseball Classic,2013,PUR,4,USA,3,,1.0,True
2013-03-16,World Baseball Classic,2013,PUR,0,DOM,2,,1.0,True
2013-03-17,World Baseball Classic,2013,PUR,3,JPN,1,semifinal,1.0,True
2013-03-18,World Baseball Classic,2013,NED,1,DOM,4,semifinal,1.0,True
2013-03-19,World Baseball Classic,2013,PUR,0,DOM,3,final,1.0,True
2015-11-08,WBSC Premier12,2015,KOR,0,JPN,5,,0.85,True
2015-11-09,WBSC Premier12,2015,NED,7,TPE,4,,0.85,True
2015-11-10,WBSC Premier12,2015,CAN,5,CUB,1,,0.85,True
2015-11-10,WBSC Premier12,2015,DOM,5,USA,11,,0.85,True
2015-11-11,WBSC Premier12,2015,CUB,6,NED,5,,0.85,True
2015-11-11,WBSC Premier12,2015,KOR,10,DOM,1,,0.85,True
2015-11-11,WBSC Premier12,2015,MEX,5,JPN,6,,0.85,True
2015-11-11,WBSC Premier12,2015,PUR,0,CAN,2,,0.85,True
2015-11-11,WBSC Premier12,2015,TPE,7,ITA,1,,0.85,True
2015-11-11,WBSC Premier12,2015,VEN,7,USA,5,,0.85,True
2015-11-12,WBSC Premier12,2015,CAN,9,TPE,8,,0.85,True
2015-11-12,WBSC Premier12,2015,JPN,4,DOM,2,,0.85,True
2015-11-12,WBSC Premier12,2015,NED,16,ITA,1,,0.85,True
2015-11-12,WBSC Premier12,2015,PUR,7,CUB,8,,0.85,True
2015-11-12,WBSC Premier12,2015,USA,10,MEX,0,,0.85,True
2015-11-12,WBSC Premier12,2015,VEN,2,KOR,13,,0.85,True
2015-11-14,WBSC Premier12,2015,CUB,1,TPE,4,,0.85,True
2015-11-14,WBSC Premier12,2015,DOM,6,VEN,8,,0.85,True
2015-11-14,WBSC Premier12,2015,ITA,0,CAN,4,,0.85,True
2015-11-14,WBSC Premier12,2015,JPN,10,USA,2,,0.85,True
2015-11-14,WBSC Premier12,2015,KOR,4,MEX,3,,0.85,True
2015-11-14,WBSC Premier12,2015,PUR,7,NED,11,,0.85,True
2015-11-15,WBSC Premier12,2015,CAN,3,NED,1,,0.85,True
2015-11-15,WBSC Premier12,2015,ITA,1,CUB,2,,0.85,True
2015-11-15,WBSC Premier12,2015,MEX,9,DOM,6,,0.85,True
2015-11-15,WBSC Premier12,2015,TPE,4,PUR,7,,0.85,True
2015-11-15,WBSC Premier12,2015,USA,3,KOR,2,,0.85,True
2015-11-15,WBSC Premier12,2015,VEN,5,JPN,6,,0.85,True
2015-11-16,WBSC Premier12,2015,KOR,7,CUB,2,,0.85,True
2015-11-16,WBSC Premier12,2015,NED,1,USA,6,,0.85,True
2015-11-16,WBSC Premier12,2015,PUR,3,JPN,9,,0.85,True
2015-11-20,WBSC Premier12,2015,MEX,1,USA,6,semifinal,0.85,True
2015-11-21,WBSC Premier12,2015,KOR,8,USA,0,,0.85,True
2017-03-06,World Baseball Classic,2017,ISR,2,KOR,1,,1.0,True
2017-03-07,World Baseball Classic,2017,CUB,6,JPN,11,,1.0,True
2017-03-07,World Baseball Classic,2017,ISR,15,TPE,7,,1.0,True
2017-03-07,World Baseball Classic,2017,KOR,0,NED,5,,1.0,True
2017-03-08,World Baseball Classic,2017,CHN,0,CUB,6,,1.0,True
2017-03-08,World Baseball Classic,2017,JPN,4,AUS,1,,1.0,True
2017-03-08,World Baseball Classic,2017,TPE,5,NED,6,,1.0,True
2017-03-09,World Baseball Classic,2017,AUS,11,CHN,0,,1.0,True
2017-03-09,World Baseball Classic,2017,CAN,2,DOM,9,,1.0,True
2017-03-09,World Baseball Classic,2017,KOR,11,TPE,8,,1.0,True
2017-03-09,World Baseball Classic,2017,MEX,9,ITA,10,,1.0,True
2017-03-09,World Baseball Classic,2017,NED,2,ISR,4,,1.0,True
2017-03-10,World Baseball Classic,2017,AUS,3,CUB,4,,1.0,True
2017-03-10,World Baseball Classic,2017,CHN,1,JPN,7,,1.0,True
2017-03-10,World Baseball Classic,2017,COL,2,USA,3,,1.0,True
2017-03-10,World Baseball Classic,2017,VEN,0,PUR,11,,1.0,True
2017-03-11,World Baseball Classic,2017,COL,4,CAN,1,,1.0,True
2017-03-11,World Baseball Classic,2017,PUR,9,MEX,4,,1.0,True
2017-03-11,World Baseball Classic,2017,USA,5,DOM,7,,1.0,True
2017-03-11,World Baseball Classic,2017,VEN,11,ITA,10,,1.0,True
2017-03-12,World Baseball Classic,2017,CAN,0,USA,8,,1.0,True
2017-03-12,World Baseball Classic,2017,CUB,1,ISR,4,,1.0,True
2017-03-12,World Baseball Classic,2017,DOM,10,COL,3,,1.0,True
2017-03-12,World Baseball Classic,2017,ITA,3,PUR,9,,1.0,True
2017-03-12,World Baseball Classic,2017,JPN,8,NED,6,,1.0,True
2017-03-12,World Baseball Classic,2017,MEX,11,VEN,9,,1.0,True
2017-03-13,World Baseball Classic,2017,NED,12,ISR,2,,1.0,True
2017-03-13,World Baseball Classic,2017,VEN,4,ITA,3,,1.0,True
2017-03-14,World Baseball Classic,2017,CUB,5,JPN,8,,1.0,True
2017-03-15,World Baseball Classic,2017,ISR,3,JPN,8,,1.0,True
2017-03-15,World Baseball Classic,2017,NED,14,CUB,1,,1.0,True
2017-03-20,World Baseball Classic,2017,NED,3,PUR,4,semifinal,1.0,True
2017-03-21,World Baseball Classic,2017,USA,2,JPN,1,semifinal,1.0,True
2017-03-22,World Baseball Classic,2017,USA,8,PUR,0,final,1.0,True
2019-11-02,WBSC Premier12,2019,DOM,1,MEX,6,,0.85,True
2019-11-02,WBSC Premier12,2019,NED,0,USA,9,,0.85,True
2019-11-03,WBSC Premier12,2019,DOM,14,NED,4,,0.85,True
2019-11-03,WBSC Premier12,2019,MEX,8,USA,2,,0.85,True
2019-11-04,WBSC Premier12,2019,USA,10,DOM,8,,0.85,True
2019-11-05,WBSC Premier12,2019,NED,2,MEX,10,,0.85,True
2019-11-05,WBSC Premier12,2019,PRI,1,TPE,6,,0.85,True
2019-11-05,WBSC Premier12,2019,VEN,4,JPN,8,,0.85,True
2019-11-06,WBSC Premier12,2019,AUS,0,KOR,5,,0.85,True
2019-11-06,WBSC Premier12,2019,CAN,3,CUB,0,,0.85,True
2019-11-06,WBSC Premier12,2019,PRI,0,JPN,4,,0.85,True
2019-11-06,WBSC Premier12,2019,TPE,3,VEN,0,,0.85,True
2019-11-07,WBSC Premier12,2019,AUS,2,CUB,3,,0.85,True
2019-11-07,WBSC Premier12,2019,JPN,8,TPE,1,,0.85,True
2019-11-07,WBSC Premier12,2019,KOR,3,CAN,1,,0.85,True
2019-11-07,WBSC Premier12,2019,VEN,7,PRI,1,,0.85,True
2019-11-08,WBSC Premier12,2019,CAN,1,AUS,3,,0.85,True
2019-11-08,WBSC Premier12,2019,CUB,0,KOR,7,,0.85,True
2019-11-11,WBSC Premier12,2019,AUS,2,JPN,3,,0.85,True
2019-11-11,WBSC Premier12,2019,TPE,0,MEX,2,,0.85,True
2019-11-11,WBSC Premier12,2019,USA,1,KOR,5,,0.85,True
2019-11-12,WBSC Premier12,2019,AUS,0,MEX,3,,0.85,True
2019-11-12,WBSC Premier12,2019,TPE,7,KOR,0,,0.85,True
2019-11-12,WBSC Premier12,2019,USA,4,JPN,3,,0.85,True
2019-11-13,WBSC Premier12,2019,AUS,2,USA,1,,0.85,True
2019-11-13,WBSC Premier12,2019,MEX,1,JPN,3,,0.85,True
2019-11-15,WBSC Premier12,2019,MEX,3,KOR,7,,0.85,True
2019-11-15,WBSC Premier12,2019,TPE,2,USA,3,,0.85,True
2019-11-16,WBSC Premier12,2019,AUS,1,TPE,5,,0.85,True
2019-11-16,WBSC Premier12,2019,KOR,8,JPN,10,,0.85,True
2019-11-17,WBSC Premier12,2019,KOR,3,JPN,5,final,0.85,True
2019-11-17,WBSC Premier12,2019,USA,2,MEX,3,bronze,0.85,True
2021-07-28,Olympics,2021,DOM,3,JPN,4,,1.0,True
2021-07-29,Olympics,2021,ISR,5,KOR,6,,1.0,True
2021-07-30,Olympics,2021,MEX,0,DOM,1,,1.0,True
2021-07-30,Olympics,2021,USA,8,ISR,1,,1.0,True
2021-07-31,Olympics,2021,JPN,7,MEX,4,,1.0,True
2021-07-31,Olympics,2021,KOR,2,USA,4,,1.0,True
2021-08-01,Olympics,2021,DOM,3,KOR,4,,1.0,True
2021-08-01,Olympics,2021,ISR,12,MEX,5,,1.0,True
2021-08-02,Olympics,2021,ISR,1,KOR,11,,1.0,True
2021-08-02,Olympics,2021,USA,6,JPN,7,,1.0,True
2021-08-03,Olympics,2021,ISR,6,DOM,7,,1.0,True
2021-08-04,Olympics,2021,DOM,1,USA,3,,1.0,True
2021-08-04,Olympics,2021,KOR,2,JPN,5,semifinal,1.0,True
2021-08-05,Olympics,2021,KOR,2,USA,7,semifinal,1.0,True
2021-08-07,Olympics,2021,DOM,10,KOR,6,bronze,1.0,True
2021-08-07,Olympics,2021,USA,0,JPN,2,final,1.0,True
2023-03-08,World Baseball Classic,2023,CUB,2,NED,4,,1.0,True
2023-03-08,World Baseball Classic,2023,PAN,12,TPE,5,,1.0,True
2023-03-09,World Baseball Classic,2023,AUS,8,KOR,7,,1.0,True
2023-03-09,World Baseball Classic,2023,CHN,1,JPN,8,,1.0,True
2023-03-09,World Baseball Classic,2023,ITA,6,CUB,3,,1.0,True
2023-03-09,World Baseball Classic,2023,PAN,1,NED,3,,1.0,True
2023-03-10,World Baseball Classic,2023,CUB,13,PAN,4,,1.0,True
2023-03-10,World Baseball Classic,2023,CZE,8,CHN,5,,1.0,True
2023-03-10,World Baseball Classic,2023,ITA,7,TPE,11,,1.0,True
2023-03-10,World Baseball Classic,2023,KOR,4,JPN,13,,1.0,True
2023-03-11,World Baseball Classic,2023,CHN,2,AUS,12,,1.0,True
2023-03-11,World Baseball Classic,2023,COL,5,MEX,4,,1.0,True
2023-03-11,World Baseball Classic,2023,CZE,2,JPN,10,,1.0,True
2023-03-11,World Baseball Classic,2023,DOM,1,VEN,5,,1.0,True
2023-03-11,World Baseball Classic,2023,GBR,2,USA,6,,1.0,True
2023-03-11,World Baseball Classic,2023,NCA,1,PUR,9,,1.0,True
2023-03-11,World Baseball Classic,2023,NED,5,TPE,9,,1.0,True
2023-03-11,World Baseball Classic,2023,PAN,2,ITA,0,,1.0,True
2023-03-12,World Baseball Classic,2023,CZE,3,KOR,7,,1.0,True
2023-03-12,World Baseball Classic,2023,GBR,8,CAN,18,,1.0,True
2023-03-12,World Baseball Classic,2023,JPN,7,AUS,1,,1.0,True
2023-03-12,World Baseball Classic,2023,MEX,11,USA,5,,1.0,True
2023-03-12,World Baseball Classic,2023,NCA,1,ISR,3,,1.0,True
2023-03-12,World Baseball Classic,2023,NED,1,ITA,7,,1.0,True
2023-03-12,World Baseball Classic,2023,TPE,1,CUB,7,,1.0,True
2023-03-12,World Baseball Classic,2023,VEN,9,PUR,6,,1.0,True
2023-03-13,World Baseball Classic,2023,AUS,8,CZE,3,,1.0,True
2023-03-13,World Baseball Classic,2023,CAN,1,USA,12,,1.0,True
2023-03-13,World Baseball Classic,2023,COL,5,GBR,7,,1.0,True
2023-03-13,World Baseball Classic,2023,DOM,6,NCA,1,,1.0,True
2023-03-13,World Baseball Classic,2023,ISR,0,PUR,10,,1.0,True
2023-03-13,World Baseball Classic,2023,KOR,22,CHN,2,,1.0,True
2023-03-14,World Baseball Classic,2023,CAN,5,COL,0,,1.0,True
2023-03-14,World Baseball Classic,2023,GBR,1,MEX,2,,1.0,True
2023-03-14,World Baseball Classic,2023,ISR,0,DOM,10,,1.0,True
2023-03-14,World Baseball Classic,2023,NCA,1,VEN,4,,1.0,True
2023-03-15,World Baseball Classic,2023,MEX,10,CAN,3,,1.0,True
2023-03-15,World Baseball Classic,2023,PUR,5,DOM,2,,1.0,True
2023-03-15,World Baseball Classic,2023,USA,3,COL,2,,1.0,True
2023-03-15,World Baseball Classic,2023,VEN,5,ISR,1,,1.0,True
2023-03-21,World Baseball Classic,2023,USA,2,JPN,3,,1.0,True
2024-11-09,WBSC Premier12,2024,PAN,8,NED,9,,0.85,True
2024-11-09,WBSC Premier12,2024,PUR,1,USA,0,,0.85,True
2024-11-09,WBSC Premier12,2024,VEN,8,MEX,4,,0.85,True
2024-11-10,WBSC Premier12,2024,MEX,7,PUR,5,,0.85,True
2024-11-10,WBSC Premier12,2024,NED,2,USA,12,,0.85,True
2024-11-10,WBSC Premier12,2024,VEN,2,PAN,4,,0.85,True
2024-11-11,WBSC Premier12,2024,PAN,3,MEX,2,,0.85,True
2024-11-11,WBSC Premier12,2024,USA,3,VEN,5,,0.85,True
2024-11-12,WBSC Premier12,2024,NED,20,PUR,8,,0.85,True
2024-11-12,WBSC Premier12,2024,PAN,3,USA,9,,0.85,True
2024-11-13,WBSC Premier12,2024,AUS,3,JPN,9,,0.85,True
2024-11-13,WBSC Premier12,2024,DOM,6,CUB,1,,0.85,True
2024-11-13,WBSC Premier12,2024,KOR,3,TPE,6,,0.85,True
2024-11-13,WBSC Premier12,2024,MEX,8,NED,6,,0.85,True
2024-11-13,WBSC Premier12,2024,PUR,2,VEN,5,,0.85,True
2024-11-14,WBSC Premier12,2024,CUB,4,KOR,8,,0.85,True
2024-11-14,WBSC Premier12,2024,NED,0,VEN,11,,0.85,True
2024-11-14,WBSC Premier12,2024,PUR,3,PAN,4,,0.85,True
2024-11-14,WBSC Premier12,2024,TPE,2,DOM,1,,0.85,True
2024-11-14,WBSC Premier12,2024,USA,12,MEX,2,,0.85,True
2024-11-15,WBSC Premier12,2024,DOM,0,AUS,5,,0.85,True
2024-11-15,WBSC Premier12,2024,KOR,3,JPN,6,,0.85,True
2024-11-16,WBSC Premier12,2024,AUS,3,CUB,4,,0.85,True
2024-11-16,WBSC Premier12,2024,DOM,6,KOR,9,,0.85,True
2024-11-16,WBSC Premier12,2024,JPN,3,TPE,1,,0.85,True
2024-11-17,WBSC Premier12,2024,CUB,6,JPN,7,,0.85,True
2024-11-17,WBSC Premier12,2024,TPE,11,AUS,3,,0.85,True
2024-11-18,WBSC Premier12,2024,AUS,2,KOR,5,,0.85,True
2024-11-18,WBSC Premier12,2024,CUB,0,TPE,2,,0.85,True
2024-11-18,WBSC Premier12,2024,JPN,11,DOM,3,,0.85,True
2024-11-21,WBSC Premier12,2024,TPE,0,VEN,2,,0.85,True
2024-11-21,WBSC Premier12,2024,USA,1,JPN,9,,0.85,True
2024-11-22,WBSC Premier12,2024,TPE,8,USA,2,,0.85,True
2024-11-22,WBSC Premier12,2024,VEN,6,JPN,9,,0.85,True
2024-11-23,WBSC Premier12,2024,TPE,6,JPN,9,,0.85,True
2024-11-23,WBSC Premier12,2024,USA,6,VEN,5,,0.85,True
2024-11-24,WBSC Premier12,2024,TPE,4,JPN,0,final,0.85,True
2024-11-24,WBSC Premier12,2024,USA,6,VEN,1,bronze,0.85,True
